"...1","#","Activity","Date Opened","RID","State","Type","Scope","SIC","NAICS","Violations","Establishment Name"
NA,1,314698994,"12/20/2010",1055340,"WA","Planned","No Insp/Process Inactive",919,112512,NA,"Western Oyster Co"
NA,2,315208306,"11/24/2010",454716,"TN","Complaint","Partial",273,112511,2,"Sustainable Aquatics Inc"
NA,3,309098671,"10/25/2010",1032300,"WA","Referral","Partial",919,112512,1,"Allen Shellfish Llc"
NA,4,314554759,"09/15/2010",1055340,"WA","Referral","No Insp/Other",919,112512,NA,"Allen Shellfish Llc"
NA,5,313080590,"08/24/2010",951510,"HI","Planned","Complete",279,112519,8,"Olivarez Honey Bees Inc"
NA,6,314708975,"07/13/2010",935000,"CA","Complaint","Partial",273,112512,NA,"Morro Bay Oyster Company"
NA,7,314480609,"07/07/2010",1055310,"WA","Referral","Complete",921,112511,NA,"American Gold Seafoods"
NA,8,313354896,"06/25/2010",1032500,"ID","Planned","Complete",921,112511,17,"Us Fish & Wildlife, Dworshak Fisheries"
NA,9,314647082,"06/08/2010",454731,"TN","Planned","Complete",921,112511,8,"Twra-Rutledge-Field Office"
NA,10,313233140,"04/21/2010",950621,"CA","Complaint","Partial",273,112511,7,"Tsar Nicoulai Caviar, Llc"
NA,11,314144791,"03/18/2010",1055330,"WA","Planned","Complete",921,112512,6,"Marrowstone Island Shellfish L"
NA,12,314144858,"03/18/2010",1055330,"WA","Planned","Complete",921,112512,4,"Marrowstone Island Shellfish L"
NA,13,310856828,"12/22/2009",1050210,"AK","Planned","Partial",921,112511,2,"Trident Seafoods Incorporated"
NA,14,310856802,"12/22/2009",1050210,"AK","Planned","Partial",921,112511,1,"Ec Phillips & Son"
NA,15,313696288,"12/15/2009",253660,"NY","FollowUp","Partial",921,112511,NA,"Nysdec Caledonia Fish Hatchery"
NA,16,311483424,"12/04/2009",155010,"VT","Referral","Partial",273,112511,NA,"Bprf Holdings Inc."
NA,17,311483622,"12/01/2009",155010,"VT","Complaint","Partial",273,112511,3,"Bprf Holdings, Inc."
NA,18,310855606,"09/01/2009",1050210,"AK","Planned","Partial",921,112511,7,"Sea Level Seafoods, Llc"
NA,19,311980700,"08/13/2009",213100,"NY","Complaint","Partial",279,112519,1,"Taconic Farms, Inc."
NA,20,312745847,"08/12/2009",950665,"CA","Planned","Partial",273,112512,7,"Bluebeyond Fisheries, Llc"
NA,21,312745789,"08/11/2009",950665,"CA","Planned","Partial",273,112512,2,"Kanlaon Enterprises, Inc Dba Califronia Aquatic"
NA,22,312793441,"07/08/2009",253660,"NY","Planned","Complete",921,112511,6,"Nysdec Caledonia Fish Hatchery"
NA,23,309095834,"07/08/2009",1032300,"WA","FollowUp","Partial",921,112511,NA,"U.S. Fish & Wildlife, Little White Salmon Hatchery"
NA,24,313739666,"07/08/2009",253420,"NJ","FollowUp","Partial",921,112511,NA,"Charles O. Hayford State Fish Hatchery"
NA,25,313570558,"07/08/2009",253420,"NJ","Planned","Complete",921,112511,2,"Charles O. Hayford State Fish Hatchery"
NA,26,313739674,"07/07/2009",253420,"NJ","FollowUp","Complete",921,112511,NA,"Pequest Fish Hatchery"
NA,27,313570541,"07/07/2009",253420,"NJ","Planned","Complete",921,112511,NA,"Pequest Fish Hatchery"
NA,28,311489223,"05/18/2009",253670,"NY","FollowUp","Partial",921,112511,NA,"Nysdec Salmon River Fish Hatchery"
NA,29,311489017,"04/28/2009",253670,"NY","Monitoring","Partial",921,112511,NA,"Nysdec Salmon River Fish Hatchery"
NA,30,311488894,"04/17/2009",253670,"NY","Planned","Complete",921,112511,8,"Nysdec Salmon River Fish Hatchery"
NA,31,311437271,"04/09/2009",951510,"HI","Planned","Complete",921,112511,2,"Black Pearls Inc"
NA,32,311488589,"03/23/2009",253670,"NY","FollowUp","Partial",921,112511,NA,"Nysdec Oneida Fish Cultural Station"
NA,33,311437230,"03/19/2009",951510,"HI","Planned","Complete",273,112512,9,"Big Island Abalone Corp"
NA,34,120348669,"03/04/2009",950621,"CA","Complaint","Partial",273,112511,3,"Sterling Caviar Llc"
NA,35,311488167,"02/13/2009",253670,"NY","Planned","Complete",921,112511,6,"Nysdec Oneida Fish Cultural Station"
NA,36,312815194,"02/04/2009",1055340,"WA","Planned","Complete",273,112512,6,"Taylor Shellfish Company Inc"
NA,37,310629910,"12/22/2008",112600,"MA","Complaint","Partial",921,112511,1,"Australis Aquaculture, Llc"
NA,38,312832439,"12/10/2008",355123,"VA","Planned","Complete",273,112511,NA,"Blue Ridge Aquaculture"
NA,39,312640600,"11/07/2008",1055340,"WA","Planned","Complete",279,112519,3,"Cascade Aqua Farms"
NA,40,312640576,"11/07/2008",1055340,"WA","Planned","Complete",279,112519,6,"Cascade Aqua Farms"
NA,41,312422140,"07/23/2008",935000,"CA","Complaint","Partial",273,112512,NA,"Tomales Bay Oyster Company"
NA,42,312144512,"06/12/2008",1055350,"WA","Planned","Complete",921,112511,1,"Troutlodge"
NA,43,311312441,"02/15/2008",625410,"TX","Complaint","Partial",273,112512,2,"Natural Shrimp Inc"
NA,44,310525324,"02/14/2008",213100,"NY","Planned","Complete",279,112519,2,"Taconic Farms"
NA,45,309093003,"01/10/2008",1032300,"WA","Planned","Complete",921,112511,12,"U.S. Fish & Wildlife, Little White Salmon Hatchery"
NA,46,311062632,"12/03/2007",253620,"NY","Planned","Partial",921,112511,NA,"Nysdec South Otselic Fish Culture Station"
NA,47,310872189,"10/23/2007",1054116,"OR","Planned","Complete",273,112512,6,"Max A Clausen & Lilli K Clausen"
NA,48,309092716,"10/16/2007",1032300,"WA","Planned","Complete",921,112511,8,"U.S. Fish & Wildlife Service - Abernathy"
NA,49,309092690,"10/04/2007",1032300,"WA","Planned","Complete",921,112511,3,"U.S. Fish & Wildlife Service-Leavenworth Hatchery"
NA,50,309092682,"10/04/2007",1032300,"WA","Planned","Complete",921,112511,4,"U.S. Fish & Wildlife Service-Leavenworth Hatchery"
NA,51,309092583,"09/25/2007",1032300,"WA","Planned","Complete",921,112511,5,"U.S. Fish & Wildlife Service - Quilcene Nfh"
NA,52,311357438,"09/25/2007",1055340,"WA","Referral","Complete",919,112512,8,"Goose Point Oysters Inc"
NA,53,310849245,"08/28/2007",1050210,"AK","Planned","Complete",921,112511,10,"Kodiak Regional Aquaculture Association"
NA,54,310624648,"08/23/2007",112600,"MA","Complaint","Partial",921,112511,NA,"Australis Aquaculture, Llc"
NA,55,305941247,"08/13/2007",1032700,"OR","Planned","Complete",921,112511,3,"U.S. Fish & Wildlife Service, Ws National Fish H."
NA,56,310910930,"06/06/2007",253420,"NJ","FollowUp","Complete",921,112511,NA,"Pequest Fish Hatchery"
NA,57,310238001,"06/06/2007",253420,"NJ","Planned","Complete",921,112511,NA,"Pequest Fish Hatchery"
NA,58,310910872,"05/17/2007",253420,"NJ","FollowUp","Complete",921,112511,NA,"Charles O. Hayford State Fish Hatchery"
NA,59,310237946,"05/17/2007",253420,"NJ","Planned","Complete",921,112511,NA,"Charles O. Hayford State Fish Hatchery"
NA,60,310622980,"05/14/2007",112600,"MA","Referral","Partial",273,112519,2,"Australis Aquaculture, Llc"
NA,61,310598420,"05/03/2007",950633,"CA","Planned","Partial",273,112519,3,"Ocean Rich Fisheries Inc"
NA,62,310598370,"05/03/2007",950633,"CA","Planned","Partial",273,112511,10,"Western Aquatic Enterprises Inc"
NA,63,310598362,"05/03/2007",950633,"CA","Planned","Partial",273,112511,7,"Ni Ching Hsiang Fish Farm"
NA,64,310598461,"05/03/2007",950633,"CA","Planned","Partial",273,112519,4,"Kent Sea Tech Corp."
NA,65,310598388,"05/03/2007",950633,"CA","Planned","Partial",273,112511,5,"Long Life Farms Inc"
NA,66,310598412,"05/02/2007",950633,"CA","Planned","Partial",273,112511,12,"Dashun Fisheries Inc."
NA,67,310598354,"05/02/2007",950633,"CA","Planned","Partial",273,112511,7,"Nelson Yee Baraquia"
NA,68,310811252,"05/02/2007",950632,"CA","Planned","Partial",273,112511,5,"Pacific Aquafarms Corporation"
NA,69,310545413,"04/18/2007",950624,"CA","Accident","Partial",921,112511,NA,"Ca Dept Of Fish & Game"
NA,70,309091536,"03/01/2007",1032300,"WA","Referral","Complete",273,112512,3,"Western Oyster Co."
NA,71,310002589,"08/31/2006",253620,"NY","FollowUp","Partial",921,112511,NA,"Nysdec South Otselic Fish Culture Station"
NA,72,310379821,"08/17/2006",420600,"FL","Accident","No Insp/10 or Fewer Empe",921,112511,NA,"Robert Burnett"
NA,73,309957132,"07/19/2006",253660,"NY","FollowUp","Partial",921,112511,NA,"Nysdec Cedar Springs Fish Hatchery"
NA,74,309957140,"07/19/2006",253660,"NY","FollowUp","Partial",921,112511,NA,"Nysdec Caledonia Fish Hatchery"
NA,75,309701985,"06/22/2006",253660,"NY","Planned","Complete",921,112511,1,"Nysdec Cedar Springs Fish Hatchery"
NA,76,309701860,"06/20/2006",253660,"NY","Planned","Complete",921,112511,9,"Nysdec Caledonia Fish Hatchery"
NA,77,309415644,"04/05/2006",253680,"NY","FollowUp","Partial",921,112511,NA,"Nys Dec Chateaugay Fish Hatchery"
NA,78,309415495,"03/14/2006",253680,"NY","Planned","Partial",921,112511,NA,"Nys Dec Chateaugay Fish Hatchery"
NA,79,309664589,"01/24/2006",1055340,"WA","Planned","Complete",921,112512,3,"Bay Center Mariculture Co"
NA,80,309415131,"01/10/2006",253680,"NY","Planned","Complete",921,112511,10,"Nys Dec Chateaugay Fish Hatchery"
NA,81,309484681,"11/16/2005",1055340,"WA","Planned","Partial",273,112512,NA,"Willapa Bay Shellfish Inc"
NA,82,309575108,"11/16/2005",420600,"FL","Complaint","Partial",921,112511,1,"Terraqua Aquatics"
NA,83,307458430,"11/02/2005",950633,"CA","Planned","Partial",273,112511,NA,"Ni Ching Hsiang Fish Farm"
NA,84,302028360,"11/02/2005",253680,"NY","FollowUp","Partial",921,112511,NA,"Nysdec Van Hornesville Fish Hatchery"
NA,85,309158517,"10/13/2005",253620,"NY","Planned","Complete",921,112511,2,"Nysdec South Otselic Fish Culture Station"
NA,86,301589495,"05/18/2005",253680,"NY","Planned","Complete",921,112511,2,"Nysdec Van Hornesville Fish Hatchery"
NA,87,306666900,"03/14/2005",257250,"PR","Complaint","Partial",921,112511,2,"Seaquest (Dyer Aqua Inc.)"
NA,88,308597855,"03/02/2005",1055340,"WA","Planned","Complete",921,112512,3,"Seattle Shellfish"
NA,89,306561978,"02/02/2005",214500,"NJ","Planned","No Insp/Out of Business",279,112519,NA,"Bruno Bee, Inc."
NA,90,308346741,"01/24/2005",112600,"MA","Referral","Partial",273,112511,2,"Bioshelters Inc."
NA,91,125943753,"12/06/2004",950632,"CA","Complaint","Partial",273,112511,15,"Fish Partners"
NA,92,308080175,"11/10/2004",1055340,"WA","Planned","No Insp/Other",921,112512,NA,"Engman Oyster Farm"
NA,93,307912170,"09/22/2004",317700,"PA","Complaint","Partial",273,112511,3,"New Tilapia Co"
NA,94,306277047,"09/20/2004",112600,"MA","Complaint","Partial",273,112519,2,"Bioshelters Inc."
NA,95,307969444,"09/14/2004",1055340,"WA","Planned","Complete",273,112512,3,"Taylor Shellfish Company Inc"
NA,96,305935710,"09/14/2004",1032700,"OR","Planned","Complete",921,112511,15,"U.S. Fish & Wildlife Service"
NA,97,303763882,"08/19/2004",1032300,"WA","Planned","Complete",921,112511,3,"U.S. Fish & Wildlife Service - Carson Nfh"
NA,98,303763858,"08/18/2004",1032300,"WA","Planned","Complete",921,112511,3,"U.S. Fish & Wildlife Service - Willard Nfh"
NA,99,303763866,"08/18/2004",1032300,"WA","Planned","Complete",921,112511,5,"U.S. Fish & Wildlife Service-Littlewhitesalmon Nfh"
NA,100,303763874,"08/18/2004",1032300,"WA","Planned","Complete",921,112511,4,"U.S. Fish & Wildlife Service-Littlewhitesalmon Nfh"
NA,101,307327163,"05/19/2004",1054116,"OR","FollowUp","Partial",273,112512,NA,"Max A Clausen & Lilli K Clausen"
NA,102,303763346,"04/13/2004",1032300,"WA","Complaint","Partial",921,112511,3,"U.S. Dept. Of Interior"
NA,103,307480012,"03/16/2004",1055330,"WA","Planned","Partial",921,112511,8,"Bainbridge Island Saltwater"
NA,104,307477984,"03/16/2004",1055330,"WA","Planned","No Insp/Out of Business",273,112511,NA,"Sun Point Systems Llc"
NA,105,307416800,"03/02/2004",1055350,"WA","Planned","Partial",921,112511,NA,"Troutlodge"
NA,106,307219592,"02/05/2004",453710,"NC","Complaint","Complete",921,112512,NA,"Rose Bay Oyster Co."
NA,107,307212761,"01/23/2004",453710,"NC","Accident","No Insp/Other",273,112511,NA,"Island Fisheries Inc"
NA,108,307194696,"01/21/2004",1055340,"WA","Planned","Partial",273,112512,1,"Taylor Shellfish Company Inc"
NA,109,306821984,"01/14/2004",355122,"VA","Complaint","Partial",921,112511,1,"Virginia Department Of Game And Inland Fisheries"
NA,110,124579467,"12/29/2003",253620,"NY","Planned","Complete",921,112511,2,"Nysdec Fish Hatchery"
NA,111,306967563,"11/07/2003",1054114,"OR","Accident","No Insp/Other",921,112511,NA,"Unknown"
NA,112,306780966,"10/08/2003",454732,"TN","Planned","Partial",921,112511,NA,"Twra-Nashville-Administration"
NA,113,306924960,"09/11/2003",453710,"NC","Planned","Complete",921,112511,NA,"Randy Lafever"
NA,114,306846940,"08/07/2003",453730,"NC","Planned","Complete",273,112511,8,"Morgan Mill Resorts Inc."
NA,115,112669643,"04/25/2003",316700,"PA","Complaint","Partial",5999,112519,NA,"Petco"
NA,116,306340928,"04/15/2003",1055350,"WA","Planned","Complete",921,112511,NA,"Troutlodge"
NA,117,306340472,"04/15/2003",1055350,"WA","Planned","Complete",921,112511,4,"Troutlodge"
NA,118,306162819,"04/02/2003",627100,"AR","Accident","Partial",273,112511,2,"Coldstream Fisheries, Inc"
NA,119,305464612,"03/06/2003",626300,"TX","FollowUp","Partial",921,112511,NA,"Tyler Fish Farm, Inc."
NA,1,1452798.015,"12/19/2019",1055340,"WA","Planned","Complete",NA,112512,NA,"Wa317957501 - Goose Point Oysters Inc"
NA,2,1444723.015,"11/13/2019",936500,"NV","Planned","Complete",NA,112511,2,"Us Fish And Wildlife Service"
NA,3,1443606.015,"11/07/2019",454735,"TN","Planned","Complete",NA,112511,6,"Tn Wildlife Resource Agency - Morristown Fish Hatchery"
NA,4,1440898.015,"10/28/2019",253680,"NY","FollowUp","Partial",NA,112511,NA,"Nysdec Chateaugay Fish Hatchery"
NA,5,1436102.015,"10/07/2019",111100,"ME","Referral","Partial",NA,112511,6,"Cooke Aquaculture Usa Inc"
NA,6,1436019.015,"10/04/2019",951510,"HI","Complaint","Complete",NA,112511,12,"Kohala Mountain Fish Co Llc"
NA,7,1427555.015,"08/30/2019",551800,"IN","Other","No Insp/Out of Business",273,112519,NA,"110257 - Bell Aquacultre"
NA,8,1424346.015,"07/24/2019",1054115,"OR","Complaint","Partial",273,112511,1,"317724969 - Summer Lake Trout Farm Inc"
NA,9,1413073.015,"07/02/2019",1055340,"WA","Planned","Complete",NA,112512,NA,"Wa317955149 - Lytle Seafoods Llc"
NA,10,1411613.015,"06/27/2019",253680,"NY","Planned","Complete",NA,112511,5,"Nysdec Chateaugay Fish Hatchery"
NA,11,1415126.015,"06/27/2019",253680,"NY","Planned","Complete",NA,112511,2,"Nysdec Chateaugay Fish Hatchery"
NA,12,1403693.015,"05/24/2019",253620,"NY","FollowUp","Partial",NA,112511,NA,"Nysdec S Otselic Fish Culture Station"
NA,13,1400801.015,"05/13/2019",111100,"ME","Complaint","No Insp/Other",NA,112519,NA,"Saco Salmon Restoration Alliance"
NA,14,1410487.015,"05/09/2019",1055310,"WA","Complaint","Partial",NA,112512,1,"Wa317954392 - Taylor Shellfish Company Inc"
NA,15,1389315.015,"03/27/2019",253660,"NY","FollowUp","Partial",NA,112511,NA,"Nysdec Caledonia Fish Hatchery"
NA,16,1385441.015,"03/15/2019",316300,"VA","Complaint","Partial",NA,112512,7,"Ballard Fish And Oyster Company, Inc."
NA,17,1378160.015,"02/11/2019",552700,"MN","Complaint","Partial",NA,112519,1,"98976 - Urban Organics St Paul Llc"
NA,18,1377830.015,"02/11/2019",552700,"MN","Complaint","Partial",NA,112519,3,"98979 - Urban Organics St Paul Llc"
NA,19,1376412.015,"02/05/2019",936100,"CA","Complaint","Partial",NA,112511,NA,"Bureau Of Reclamation-Shasta Dam"
NA,20,1401383.015,"01/10/2019",1054112,"OR","Complaint","Partial",273,112511,2,"317723010 - State Of Oregon Department Of Fish & Wildlife"
NA,21,1369487.015,"01/03/2019",253660,"NY","Planned","Complete",NA,112511,1,"Nysdec Caledonia Fish Hatchery"
NA,22,1367313.015,"12/19/2018",1055340,"WA","Planned","Complete",NA,112512,2,"Wa317952398 - Seattle Shellfish Llc"
NA,23,1359759.015,"11/09/2018",1055310,"WA","Planned","Complete",NA,112512,3,"Wa317951897 - Rodarte Enterprises"
NA,24,1344593.015,"09/06/2018",253620,"NY","Planned","Complete",NA,112511,9,"Nysdec S Otselic Fish Culture Station"
NA,25,1335960.015,"08/02/2018",1050210,"AK","Referral","Partial",NA,112519,4,"Prince William Sound Aquaculture Corporation"
NA,26,1329740.015,"06/20/2018",1032700,"OR","Planned","Complete",NA,112512,2,"Umpqua Aquaculture"
NA,27,1324142.015,"06/20/2018",419400,"MS","Referral","Partial",NA,112511,2,"Us Catfish Farms, Llc"
NA,28,1315149.015,"04/12/2018",1055330,"WA","Referral","Complete",NA,112511,1,"Wa317949376 - Cooke Aquaculture Pacific Llc"
NA,29,1308498.015,"04/12/2018",1032300,"WA","Complaint","Partial",NA,112511,NA,"Cooke Aquaculture"
NA,30,1302890.015,"03/19/2018",1055340,"WA","Planned","No Insp/Other",NA,112512,NA,"Wa317948667 - Willapa Bay Shellfish Inc"
NA,31,1298913.015,"03/02/2018",1055310,"WA","Planned","Complete",NA,112511,2,"Wa317948453 - Stilly Snohomish Fisheries E"
NA,32,1297731.015,"02/22/2018",1055340,"WA","Referral","Partial",NA,112511,2,"Wa317948391 - Cooke Aquaculture Pacific Llc"
NA,33,1297174.015,"02/22/2018",253620,"NY","FollowUp","Partial",NA,112511,NA,"Nysdec Bath Fish Hatchery"
NA,34,1296524.015,"02/21/2018",1032300,"WA","Fat/Cat","No Insp/Exempt by Appropriation Act",NA,112512,NA,"Baywater Shellfish, Inc."
NA,35,1294610.015,"02/13/2018",1055340,"WA","Planned","Complete",NA,112512,5,"Wa317948226 - Bay Center Mariculture"
NA,36,1295360.015,"01/29/2018",1055330,"WA","Planned","Complete",NA,112511,NA,"Wa317948272 - Troutlodge Inc"
NA,37,1317174.015,"01/25/2018",1032700,"OR","FollowUp","Partial",NA,112512,NA,"Clausen Oysters"
NA,38,1289293.015,"01/19/2018",454716,"TN","Complaint","Partial",NA,112511,NA,"Sustainable Aquatics, Inc."
NA,39,1284762.015,"12/15/2017",253620,"NY","FollowUp","Partial",NA,112511,NA,"Nysdec Bath Fish Hatchery"
NA,40,1281652.015,"12/06/2017",1055340,"WA","Planned","No Insp/Other",NA,112519,NA,"Wa317947517 - Mencke Brian"
NA,41,1279931.015,"11/29/2017",626000,"TX","Complaint","Partial",NA,112512,NA,"Global Blue Technologies-Cameron Llc"
NA,42,1279408.015,"11/28/2017",1055340,"WA","Planned","No Insp/Other",NA,112511,NA,"Wa317947399 - Nisqually Trout Farms Inc"
NA,43,1279351.015,"11/28/2017",522900,"MI","FollowUp","Partial",NA,112511,3,"Department Of The Interior, U.S. Fish And Wildlife Service, Pendills Creek National Fish Hatchery"
NA,44,1279431.015,"11/28/2017",522900,"MI","FollowUp","Partial",NA,112511,NA,"Department Of The Interior, U.S. Fish And Wildlife Service, Pendills Creek National Fish Hatchery"
NA,45,1272648.015,"10/19/2017",523300,"WI","Referral","Partial",NA,112511,NA,"U.S. Fish & Wildlife Service"
NA,46,1269815.015,"10/11/2017",1055340,"WA","Planned","No Insp/Process Inactive",NA,112512,NA,"Wa317946870 - Mcdonald Mollusca  Llc"
NA,47,1269817.015,"10/11/2017",1055340,"WA","Planned","No Insp/Process Inactive",NA,112512,NA,"Wa317946872 - Carol Farms Llc"
NA,48,1272136.015,"10/03/2017",1055330,"WA","Complaint","Complete",NA,112511,NA,"Wa317947000 - Cooke Aquaculture Pacific Llc"
NA,49,1265723.015,"09/22/2017",253620,"NY","Referral","Complete",NA,112511,8,"Nysdec Bath Fish Hatchery"
NA,50,1260684.015,"08/31/2017",454716,"TN","FollowUp","Partial",NA,112511,NA,"Sustainable Aquatics, Inc."
NA,51,1254992.015,"08/14/2017",1055310,"WA","Complaint","Partial",NA,112512,NA,"Wa317946167 - Penn Cove Shellfish Llc"
NA,52,1259352.015,"08/10/2017",253620,"NY","Planned","Complete",NA,112511,9,"Nysdec Bath Fish Hatchery"
NA,53,1251145.015,"07/31/2017",950632,"CA","Accident","Partial",NA,112519,4,"Earthrise Nutritionals"
NA,54,1250528.015,"07/26/2017",253670,"NY","FollowUp","Partial",NA,112511,NA,"Nysdec Salmon River Fish Hatchery"
NA,55,1251108.015,"07/20/2017",936100,"CA","Referral","No Insp/Other",NA,112512,NA,"Tomales Bay Oyster Co, Llc"
NA,56,1245841.015,"06/26/2017",253670,"NY","FollowUp","Partial",NA,112511,NA,"Nysdec Salmon River Fish Hatchery"
NA,57,1239457.015,"06/13/2017",253670,"NY","Monitoring","Partial",NA,112511,NA,"Nysdec Salmon River Fish Hatchery"
NA,58,1246597.015,"05/17/2017",1054191,"OR","Fat/Cat","Partial",273,112511,1,"317716968 - State Of Oregon Department Of Fish & Wildlife"
NA,59,1232088.015,"05/11/2017",253670,"NY","Monitoring","Partial",NA,112511,NA,"Nysdec Salmon River Fish Hatchery"
NA,60,1226197.015,"04/19/2017",253670,"NY","FollowUp","Complete",NA,112511,NA,"Nysdec Oneida Fish Hatchery"
NA,61,1225354.015,"04/06/2017",253670,"NY","Referral","Partial",NA,112511,1,"Nysdec Salmon River Fish Hatchery"
NA,62,1222775.015,"04/05/2017",454716,"TN","Complaint","Partial",NA,112511,2,"Sustainable Aquatics, Inc."
NA,63,1214767.015,"03/02/2017",253670,"NY","Planned","Complete",NA,112511,12,"Nysdec Salmon River Fish Hatchery"
NA,64,1202966.015,"01/13/2017",950633,"CA","Fat/Cat","Complete",NA,112511,5,"Sungo Farms"
NA,65,1203059.015,"01/13/2017",1055340,"WA","Planned","Complete",NA,112512,1,"Wa317943614 - Little Skookum Shellfish Growers Inc"
NA,66,1190200.015,"10/14/2016",111100,"ME","Referral","Partial",NA,112511,1,"Cooke Aquaculture Usa, Inc."
NA,67,1178543.015,"09/20/2016",950662,"CA","Planned","Complete",NA,112511,5,"Gc3 Limited Partnership"
NA,68,1175350.015,"09/01/2016",253670,"NY","Planned","Complete",NA,112511,5,"Nysdec Oneida Fish Hatchery"
NA,69,1164902.015,"07/19/2016",111100,"ME","Referral","Partial",NA,112511,2,"Cooke Aquaculture Usa, Inc."
NA,70,1147237.015,"05/12/2016",1032300,"WA","Planned","Complete",NA,112511,5,"U.S. Fish & Wildlife Service-Littlewhitesalmon Nfh"
NA,71,1144026.015,"04/29/2016",627700,"OK","FollowUp","Partial",NA,112511,1,"Dunn'S Fish Farm"
NA,72,1140888.015,"04/19/2016",253680,"NY","FollowUp","Partial",NA,112511,NA,"Nysdec Rome Fish Hatchery"
NA,73,1138282.015,"04/01/2016",453710,"NC","Complaint","No Insp/10 or Fewer Empe",273,112511,NA,"129790 - Astor Farms Incorporated"
NA,74,1130780.015,"03/03/2016",1055340,"WA","Planned","Complete",NA,112512,NA,"Wa317939731 - Seattle Shellfish Llc"
NA,75,1129571.015,"03/01/2016",150900,"CT","Planned","Complete",NA,112511,20,"State Of Connecticut Department Of Energy And Environmental Protection"
NA,76,1128761.015,"02/29/2016",253610,"NY","FollowUp","Partial",NA,112511,NA,"Warren Co Dpw Fish Hatchery"
NA,77,1125814.015,"02/18/2016",253610,"NY","FollowUp","Partial",NA,112511,NA,"Warren Co Dpw Fish Hatchery"
NA,78,1127127.015,"02/17/2016",552700,"MN","Planned","Partial",273,112511,3,"92492 - Deslauriers Inc"
NA,79,1133835.015,"01/27/2016",1054113,"OR","Planned","Complete",273,112511,NA,"317711099 - State Of Oregon Department Of Fish & Wildlife"
NA,80,1118801.015,"01/20/2016",1050210,"AK","Accident","Partial",NA,112511,7,"Alaska Department Of Fish & Game"
NA,81,1118664.015,"01/19/2016",522900,"MI","Planned","Complete",NA,112511,2,"Department Of The Interior, U.S. Fish & Wildlife Service, Jordan River National Fish Hatchery"
NA,82,1128846.015,"01/08/2016",454732,"TN","Planned","Complete",NA,112511,NA,"Twra - Flintville"
NA,83,1111240.015,"12/10/2015",253610,"NY","Planned","Complete",NA,112511,3,"Warren Co Dpw Fish Hatchery"
NA,84,1111379.015,"12/10/2015",253610,"NY","Planned","Complete",NA,112511,3,"Warren Co Dpw Fish Hatchery"
NA,85,1102722.015,"10/30/2015",1055330,"WA","Planned","Complete",NA,112512,5,"Wa317938451 - Marrowstone Island Shellfish Llc"
NA,86,1102032.015,"10/15/2015",1054116,"OR","Complaint","Partial",273,112519,4,"317709945 - Wilfort Inc"
NA,87,1082894.015,"08/03/2015",253680,"NY","Planned","Complete",NA,112511,7,"Nysdec Rome Fish Disease Control Ctr"
NA,88,1083100.015,"08/03/2015",253680,"NY","Planned","Complete",NA,112511,NA,"Nysdec Rome Fish Hatchery"
NA,89,1083117.015,"08/03/2015",253680,"NY","Planned","Complete",NA,112511,2,"Nysdec Rome Fish Disease Control Ctr"
NA,90,1082890.015,"08/03/2015",253680,"NY","Planned","Complete",NA,112511,5,"Nysdec Rome Fish Hatchery"
NA,91,1069257.015,"06/09/2015",950621,"CA","Complaint","Partial",NA,112511,7,"Stolt Sea Farms, Inc."
NA,92,1056111.015,"04/16/2015",627700,"OK","FollowUp","Partial",NA,112511,1,"Dunn'S Fish Farm"
NA,93,1052978.015,"04/09/2015",522900,"MI","Planned","Complete",NA,112511,8,"Department Of The Interior, U.S. Fish And Wildlife Service, Pendills Creek National Fish Hatchery"
NA,94,1053157.015,"04/09/2015",522900,"MI","Prog Related","Complete",NA,112511,5,"Department Of The Interior, U.S. Fish And Wildlife Service, Pendills Creek National Fish Hatchery"
NA,95,1047944.015,"03/20/2015",1055310,"WA","FollowUp","Partial",NA,112512,NA,"Wa317935720 - Trans Ocean Seafoods Inc"
NA,96,1048099.015,"03/06/2015",626700,"TX","Referral","Partial",NA,112519,NA,"Lone Star Alligator"
NA,97,1042224.015,"02/24/2015",253660,"NY","Complaint","Partial",NA,112511,NA,"Nysdec Caledonia Fish Hatchery"
NA,98,1041864.015,"02/10/2015",1032100,"AK","Planned","Complete",NA,112511,3,"Clipper Seafoods Ltd"
NA,99,1041859.015,"02/08/2015",1032100,"AK","Planned","Complete",NA,112511,3,"Clipper Seafoods Ltd"
NA,100,1041850.015,"02/07/2015",1032100,"AK","Planned","Complete",NA,112511,2,"Clipper Seafoods Ltd"
NA,101,1041848.015,"02/07/2015",1032100,"AK","Planned","Complete",NA,112511,7,"Pavlof Fisheries Llc"
NA,102,1020756.015,"01/26/2015",253620,"NY","FollowUp","Partial",NA,112511,NA,"Nysdec S Otselic Fish Culture Station"
NA,103,1020296.015,"01/16/2015",625700,"LA","Fat/Cat","Partial",NA,112512,NA,"Chris Mounier Farm"
NA,104,993422.015,"09/04/2014",253620,"NY","Planned","Complete",NA,112511,7,"Nysdec S Otselic Fish Culture Station"
NA,105,993467.015,"09/04/2014",253620,"NY","Prog Related","Complete",NA,112511,NA,"Nysdec S Otselic Fish Culture Station"
NA,106,316901065,"07/30/2014",1050210,"AK","Planned","Complete",921,112511,6,"Alaska Glacier Seafoods Inc"
NA,107,981536.015,"06/17/2014",111100,"ME","Planned","Complete",NA,112511,3,"Cooke Aquaculture, Inc."
NA,108,317037349,"03/26/2014",1055340,"WA","Referral","No Insp/Other",273,112511,NA,"Aqua Services Inc"
NA,109,953098.015,"12/11/2013",936400,"AZ","Planned","Complete",NA,112511,3,"Us Fish And Wildlife Service"
NA,110,951402.015,"12/09/2013",1032300,"WA","Referral","Partial",NA,112512,NA,"Seattle Shellfish Llc"
NA,111,316880749,"10/09/2013",1055310,"WA","Complaint","Partial",921,112512,4,"Transocean Seafood Sales Inc"
NA,112,317112811,"09/05/2013",355123,"VA","Planned","Partial",921,112511,3,"Marion Fish Culture Station (Virginia Dgif)"
NA,113,317117950,"09/04/2013",253630,"NY","FollowUp","Partial",921,112511,NA,"Nysdec Fish Hatchery"
NA,114,315347740,"08/02/2013",950632,"CA","Complaint","Partial",273,112511,4,"Hubbs Sea World Research Institute"
NA,115,317117554,"07/24/2013",253630,"NY","Planned","Complete",921,112511,6,"Nysdec Fish Hatchery"
NA,116,917739.015,"07/10/2013",627700,"OK","Complaint","Partial",NA,112511,1,"Dunn'S Fish Farms Of Arkansas, Inc."
NA,117,316916378,"06/12/2013",452110,"KY","Referral","Partial",273,112519,2,"Ky Tah Cab-Fwr-Ctr For Mullosk Conservation"
NA,118,316766815,"05/20/2013",253670,"NY","FollowUp","Partial",921,112511,NA,"Onondaga Co Carpenter'S Brook Fish Hatchery"
NA,119,908537.015,"05/14/2013",936500,"NV","Planned","Partial",NA,112511,1,"Bureau Of Reclamation, Lahontan Basin Area Office"
NA,120,908534.015,"05/14/2013",936500,"NV","Planned","Complete",NA,112511,2,"Us Fish And Wildlife, Nixon"
NA,121,316945724,"05/08/2013",1054114,"OR","Planned","No Insp/Other",273,112511,NA,"Blue Den Ranch Llc"
NA,122,902455.015,"04/24/2013",111100,"ME","FollowUp","Partial",NA,112519,2,"Cooke Aquaculture, Inc., U.S."
NA,123,316681584,"03/27/2013",352440,"MD","Referral","Partial",921,112511,6,"Maryland Department Of Natural Resources"
NA,124,317075158,"03/19/2013",352440,"MD","Planned","Complete",921,112511,20,"Maryland Department Of Natural Resources"
NA,125,856603.015,"01/22/2013",936300,"HI","Complaint","Partial",NA,112511,3,"Blue Ocean Mariculture Llc"
NA,126,832021.015,"01/15/2013",936400,"AZ","Planned","Complete",NA,112511,18,"Alchesay-Williams Creek National Fish Hatchery Complex"
NA,127,315331827,"01/08/2013",253670,"NY","FollowUp","Partial",921,112511,NA,"Nysdec Salmon River Fish Hatchery"
NA,128,315331645,"12/21/2012",253670,"NY","Planned","Complete",921,112511,15,"Onondaga Co Carpenter'S Brook Fish Hatchery"
NA,129,316787225,"12/13/2012",355123,"VA","Complaint","Partial",273,112511,NA,"Virginia Cobia Farms"
NA,130,315331504,"12/07/2012",253670,"NY","FollowUp","Partial",921,112511,NA,"Nysdec Oneida Fish Cultural Station"
NA,131,315331181,"12/04/2012",253670,"NY","Planned","Complete",921,112511,6,"Nysdec Salmon River Fish Hatchery"
NA,132,316801349,"11/02/2012",552700,"MN","Complaint","Partial",921,112511,1,"Mn Dept Of Natural Resources - West Metro"
NA,133,315330613,"10/04/2012",253670,"NY","Planned","Complete",921,112511,3,"Nysdec Oneida Fish Cultural Station"
NA,134,316402429,"08/29/2012",1055310,"WA","Referral","Complete",273,112512,3,"Taylor United Inc Samish Farm"
NA,135,603878.015,"08/29/2012",1032300,"WA","Planned","Complete",NA,112511,2,"U.S. Fish & Wildlife Service Leavenworth National Fish Hatchery"
NA,136,316402411,"08/29/2012",1055310,"WA","Referral","No Insp/Other",273,112512,NA,"Taylor United Inc Samish Farm"
NA,137,604719.015,"08/29/2012",1032300,"WA","Planned","Complete",NA,112511,2,"U.S. Fish & Wildlife Service Leavenworth National Fish Hatchery"
NA,138,552764.015,"08/02/2012",1032300,"WA","Planned","Complete",NA,112511,2,"U.S. Fish & Wildlife"
NA,139,315494005,"08/02/2012",452110,"KY","Referral","Partial",279,112519,3,"Steve Pritchett Farms, Llc"
NA,140,316321157,"07/18/2012",551703,"IL","Planned","Complete",921,112511,1,"Il Dept.Of Natural Resources-Beaver Dam State Park"
NA,141,315668533,"06/29/2012",1054113,"OR","Planned","Complete",273,112511,5,"Pearls Of Paradise Llc"
NA,142,509698.015,"06/20/2012",936500,"NV","Planned","Complete",NA,112511,5,"Department Of Agriculture - Humboldt-Toiyabe National Forest Service"
NA,143,315344390,"05/02/2012",950632,"CA","Complaint","Partial",921,112511,28,"Gc3 Lp Dba Imperial Catfish Llc"
NA,144,316249010,"04/19/2012",1055340,"WA","Unprog Rel","Partial",273,112512,NA,"Taylor Shellfish Company Inc"
NA,145,316288281,"01/25/2012",111100,"ME","Planned","Complete",273,112519,11,"Cooke Aquaculture, Inc. U.S."
NA,146,313864639,"01/05/2012",253610,"NY","FollowUp","Partial",921,112511,NA,"Warren County - Fish Hatchery (Dpw)"
NA,147,315663724,"12/07/2011",1054113,"OR","Planned","No Insp/Other",273,112511,NA,"Pearls Of Paradise Llc"
NA,148,315249920,"10/12/2011",1055340,"WA","Referral","Partial",919,112512,NA,"Seattle Shellfish Llc"
NA,149,315201475,"09/27/2011",1055320,"WA","Planned","Complete",273,112512,NA,"Taylor Shellfish Co Inc"
NA,150,97771.015,"08/03/2011",1032500,"ID","FollowUp","Partial",NA,112511,3,"Us Fish & Wildlife, Dworshak Fisheries"
NA,151,315093575,"08/02/2011",1055340,"WA","Planned","No Insp/Other",273,112511,NA,"Aqua Services Inc"
NA,152,97526.015,"07/28/2011",1032300,"WA","Planned","Complete",NA,112511,7,"U.S. Fish & Wildlife"
NA,153,97222.015,"07/28/2011",1032300,"WA","Planned","Complete",NA,112511,3,"U.S. Fish & Wildlife Service - Willard Nfh"
NA,154,313083032,"07/22/2011",951510,"HI","Referral","Partial",921,112511,2,"Grove Farm Fish & Poi Llc Dba Hukilau Foods"
NA,155,313867004,"07/21/2011",253610,"NY","Planned","Complete",921,112511,6,"Warren County - Fish Hatchery (Dpw)"
NA,156,315059048,"07/15/2011",1055340,"WA","Planned","Complete",279,112519,NA,"Cascade Aqua Farms"
NA,157,313082828,"06/30/2011",951510,"HI","Referral","Complete",921,112511,6,"Grove Farm Fish & Poi Llc Dba Hukilau Foods"
NA,158,315596874,"06/02/2011",355123,"VA","Planned","Partial",921,112511,NA,"Wytheville Fish Cultural Station"
NA,159,313082638,"05/25/2011",951510,"HI","Accident","Complete",921,112511,16,"Grove Farm Fish & Poi Llc Dba Hukilau Foods"
NA,160,315056960,"05/05/2011",355123,"VA","Complaint","Partial",273,112511,NA,"Virginia Cobia Farms"
NA,161,307507681,"03/08/2011",1032100,"AK","Planned","Complete",921,112511,3,"Us Fish And Wildlife Service"
NA,1,1847602.015,"08/28/2025",419400,"MS","Complaint","Partial",NA,112519,NA,"Saul Farms Trucking Llc"
NA,2,1847522.015,"08/28/2025",1055330,"WA","Planned","Complete",NA,112512,4,"Wa317987618 - Minterbrook Oyster Co"
NA,3,1846597.015,"08/26/2025",253620,"NY","FollowUp","Complete",NA,112511,NA,"Nysdec South Otselic Fish Hatchery"
NA,4,1840596.015,"07/29/2025",420600,"FL","Planned","No Insp/SIC not on PG",NA,112511,NA,"Hire Us Inc."
NA,5,1840160.015,"07/24/2025",1055310,"WA","Referral","Partial",NA,112511,NA,"Wa317987089 - Stilly Snohomish Fisheries E"
NA,6,1840178.015,"07/23/2025",1055340,"WA","Planned","Complete",NA,112512,2,"Wa317987084 - Taylor Shellfish Company Inc"
NA,7,1836157.015,"07/08/2025",1055340,"WA","Planned","Complete",NA,112512,2,"Wa317986791 - Pacific Shellfish Willapa Llc"
NA,8,1833561.015,"06/26/2025",253640,"NY","FollowUp","Partial",NA,112511,NA,"Islip Tn Shellfish Culture Facility"
NA,9,1832521.015,"06/23/2025",551702,"IL","Referral","Partial",NA,112511,NA,"Il Dept Of Natural Resources - Little Grassy Fish Hatchery"
NA,10,1829255.015,"06/05/2025",1055310,"WA","Planned","Complete",NA,112512,NA,"Wa317986345 - Taylor Shellfish Company Inc"
NA,11,1828217.015,"05/29/2025",1055340,"WA","Planned","Complete",NA,112512,5,"Wa317986265 - Safe Coast Shellfish Llc"
NA,12,1829526.015,"05/28/2025",1054114,"OR","Planned","Complete",273,112511,NA,"317740676 - State Of Oregon Department Of Fish & Wildlife"
NA,13,1826889.015,"05/27/2025",253620,"NY","Planned","Complete",NA,112511,20,"Nysdec South Otselic Fish Hatchery"
NA,14,1809469.015,"03/07/2025",1055340,"WA","Planned","Complete",NA,112512,NA,"Wa317984937 - Pacific Shellfish Willapa Llc"
NA,15,1818224.015,"03/06/2025",1055340,"WA","Planned","Complete",NA,112512,2,"Wa317984919 - Goose Point Oysters Inc"
NA,16,1809489.015,"03/06/2025",1055340,"WA","Planned","Complete",NA,112512,NA,"Wa317984951 - Goose Point Oysters Inc"
NA,17,1807471.015,"02/27/2025",1055350,"WA","Complaint","Partial",NA,112511,5,"Wa317984802 - Troutlodge Inc"
NA,18,1807472.015,"02/27/2025",1055350,"WA","Complaint","Partial",NA,112511,6,"Wa317984806 - Troutlodge Inc"
NA,19,1799825.015,"01/21/2025",951510,"HI","Complaint","Partial",NA,112519,3,"Kowa Premium Foods Hawaii Corporation"
NA,20,1796422.015,"01/07/2025",253640,"NY","Prog Other","Partial",NA,112511,1,"Islip Tn Shellfish Culture Facility"
NA,21,1800781.015,"12/16/2024",1055350,"WA","Referral","Partial",NA,112511,2,"Wa317983766 - Troutlodge"
NA,22,1792918.015,"12/10/2024",1055340,"WA","Planned","Complete",NA,112512,2,"Wa317983624 - Little Skookum Shellfish Growers Inc"
NA,23,1784704.015,"10/23/2024",253620,"NY","FollowUp","Partial",NA,112511,NA,"Nysdec-Catskill Fish Hatchery"
NA,24,1784690.015,"10/10/2024",253620,"NY","FollowUp","Complete",NA,112511,NA,"Nysdec-Catskill Fish Hatchery"
NA,25,1780611.015,"10/09/2024",257240,"PR","Complaint","Partial",NA,112519,5,"Institute For Socio - Ecological Research, Inc."
NA,26,1764807.015,"07/26/2024",253620,"NY","Monitoring","Partial",NA,112511,2,"Nysdec-Catskill Fish Hatchery"
NA,27,1764182.015,"07/09/2024",419400,"MS","Planned","No Insp/Out of Business",NA,112512,NA,"Bradford Seafood Llc"
NA,28,1759441.015,"06/24/2024",1032700,"OR","Planned","Complete",NA,112512,NA,"Qualman Oyster Company"
NA,29,1748580.015,"05/16/2024",355124,"VA","Planned","No Insp/SIC not on PG",NA,112512,NA,"Bagwell Enterprises Inc."
NA,30,1743977.015,"04/19/2024",1055340,"WA","Planned","Complete",NA,112512,4,"Wa317979840 - Seattle Shellfish Llc"
NA,31,1739824.015,"04/05/2024",1055340,"WA","Planned","Complete",NA,112512,NA,"Wa317979472 - Taylor Shellfish Company Inc"
NA,32,1736296.015,"03/20/2024",1055340,"WA","Planned","Complete",NA,112511,2,"Wa317979147 - Riverence Brood Llc"
NA,33,1736303.015,"03/20/2024",1055340,"WA","Planned","Complete",NA,112511,NA,"Wa317979149 - Riverence Brood Llc"
NA,34,1723663.015,"01/25/2024",253620,"NY","Monitoring","Partial",NA,112511,NA,"Nysdec-Catskill Fish Hatchery"
NA,35,1721401.015,"01/11/2024",552651,"MI","Referral","Partial",NA,112519,2,"La Dulse Vita, Llc"
NA,36,1720740.015,"01/10/2024",951510,"HI","Complaint","Partial",NA,112519,11,"Blue Ocean Barns Inc"
NA,37,1715722.015,"12/12/2023",552652,"MI","Unprog Rel","Partial",NA,112519,1,"Xenopus 1 Corp."
NA,38,1704353.015,"10/19/2023",626000,"TX","Referral","Partial",NA,112511,3,"R&G Fish Llc"
NA,39,1701684.015,"10/03/2023",1032300,"WA","Planned","Complete",NA,112511,5,"Fish & Wildlife Service, Leavenworth National Fish Hatchery"
NA,40,1701724.015,"10/03/2023",1032300,"WA","Planned","Complete",NA,112511,NA,"Fish & Wildlife Service, Leavenworth National Fish Hatchery"
NA,41,1699386.015,"09/20/2023",1055340,"WA","Planned","Complete",NA,112512,NA,"Wa317976211 - Taylor Shellfish Company Inc"
NA,42,1690713.015,"08/10/2023",419400,"MS","Fat/Cat","Complete",NA,112511,1,"M&T Farms"
NA,43,1688644.015,"07/28/2023",626000,"TX","Fat/Cat","No Insp/Other",NA,112519,NA,"Bowers & Saha Aquaculture Llc"
NA,44,1686364.015,"07/27/2023",253620,"NY","Planned","Complete",NA,112511,22,"Nysdec-Catskill Fish Hatchery"
NA,45,1682955.015,"07/10/2023",454722,"TN","Complaint","No Insp/Other",NA,112511,NA,"Jessie Foreman"
NA,46,1680034.015,"06/28/2023",419400,"MS","Complaint","Partial",NA,112519,1,"Spat-Tech Of Mississippi Llc"
NA,47,1698349.015,"06/20/2023",355118,"VA","Referral","Partial",NA,112519,NA,"Blue Ridge Aquaculture, Inc."
NA,48,1671816.015,"05/18/2023",1055340,"WA","Planned","Complete",NA,112512,4,"Wa317974164 - Jj Brenner Oyster Company The"
NA,49,1663238.015,"04/12/2023",1055330,"WA","Planned","Complete",NA,112512,4,"Wa317973498 - Taylor Shellfish Company Inc"
NA,50,1653914.015,"02/27/2023",1032100,"AK","Planned","Complete",NA,112511,NA,"Coastal Villages Pollock, Llc"
NA,51,1652206.015,"02/21/2023",1055330,"WA","Planned","No Insp/Other",NA,112511,NA,"Wa317972745 - Troutlodge Inc"
NA,52,1641502.015,"01/04/2023",111100,"ME","Complaint","Complete",NA,112519,5,"Running Tide, Inc."
NA,53,1638384.015,"12/09/2022",111100,"ME","Referral","Partial",NA,112511,NA,"Cooke Aquaculture Usa, Llc"
NA,54,1637084.015,"12/02/2022",1050210,"AK","Referral","Records",NA,112519,4,"Prince William Sound Aquaculture Corporation"
NA,55,1635844.015,"11/23/2022",951510,"HI","Complaint","Partial",NA,112511,2,"Fatfish Farms, Llc"
NA,56,1618816.015,"09/01/2022",420600,"FL","Referral","No Insp/Exempt by Appropriation Act",NA,112519,NA,"Graziani Reptiles Inc"
NA,57,1614579.015,"07/20/2022",950632,"CA","Complaint","Partial",NA,112511,NA,"Pacific Aqua Farms Inc."
NA,58,1599046.015,"05/20/2022",936100,"CA","Complaint","Partial",NA,112511,NA,"Bureau Of Reclamation-Shasta Dam"
NA,59,1572462.015,"01/13/2022",418800,"FL","Complaint","Partial",NA,112519,2,"Florida Shrimp Company"
NA,60,1567054.015,"12/06/2021",1055330,"WA","Planned","Complete",NA,112511,1,"Wa317966675 - Cooke Aquaculture Pacific Llc"
NA,61,1561461.015,"10/28/2021",1055310,"WA","Referral","Partial",NA,112512,3,"Wa317966164 - Trans Ocean Seafoods Inc"
NA,62,1561075.015,"10/13/2021",111100,"ME","Complaint","Partial",NA,112519,2,"Maine Shellfish Developers"
NA,63,1554773.015,"09/22/2021",1032700,"OR","Referral","Partial",NA,112512,3,"Pacific Shellfish-Coos Bay, Llc"
NA,64,1548073.015,"08/05/2021",1055330,"WA","Planned","Complete",NA,112512,NA,"Wa317965190 - Minterbrook Oyster Co"
NA,65,1540733.015,"07/08/2021",111100,"ME","Complaint","Partial",NA,112519,2,"Wild Ocean Aquaculture, Llc."
NA,66,1535169.015,"06/09/2021",625500,"TX","Complaint","Partial",NA,112511,NA,"Naturalshrimp"
NA,67,1535183.015,"06/09/2021",625500,"TX","Complaint","Partial",NA,112511,NA,"Naturalshrimp"
NA,68,1526742.015,"04/22/2021",355124,"VA","Referral","Partial",NA,112512,3,"Bagwell Enterprises Inc."
NA,69,1526110.015,"04/16/2021",418800,"FL","Referral","Partial",NA,112511,1,"Atlantic Sapphire Usa, Llc"
NA,70,1512210.015,"11/23/2020",253680,"NY","FollowUp","Partial",NA,112511,NA,"Nysdec Chateaugay Fish Hatchery"
NA,71,1508320.015,"10/28/2020",1032700,"OR","Prog Related","No Insp/Other",NA,112512,NA,"Coos Bay Oyster"
NA,72,1462799.015,"02/12/2020",1055310,"WA","Planned","Complete",NA,112519,3,"Wa317958205 - Western Chemical Inc"
NA,73,1463115.015,"02/10/2020",1032700,"OR","Planned","Complete",NA,112512,NA,"Coos Bay Oyster"
NA,74,1457305.015,"01/22/2020",1055310,"WA","Planned","Complete",NA,112519,2,"Wa317957847 - Western Chemical Inc"
